Country Name,Year,Internet User(%)
Aruba,2016,93.54245387
Aruba,2017,97.17
Aruba,2018,
Aruba,2019,
Aruba,2020,
Aruba,2021,
Africa Eastern and Southern,2016,15.894355226586322
Africa Eastern and Southern,2017,18.240059821440617
Africa Eastern and Southern,2018,21.70069538078843
Africa Eastern and Southern,2019,24.3046584734269
Africa Eastern and Southern,2020,27.35030790005316
Africa Eastern and Southern,2021,
Afghanistan,2016,11.0
Afghanistan,2017,13.5
Afghanistan,2018,16.8
Afghanistan,2019,17.6
Afghanistan,2020,18.4
Afghanistan,2021,
Africa Western and Central,2016,20.926632407053624
Africa Western and Central,2017,24.663586926696386
Africa Western and Central,2018,29.338368034708864
Africa Western and Central,2019,31.78586051268223
Africa Western and Central,2020,34.1281366860391
Africa Western and Central,2021,
Angola,2016,23.2
Angola,2017,26.0
Angola,2018,29.0
Angola,2019,32.4
Angola,2020,36.0
Angola,2021,
Albania,2016,59.6
Albania,2017,62.4
Albania,2018,65.4
Albania,2019,68.55039112
Albania,2020,72.24
Albania,2021,
Andorra,2016,89.7
Andorra,2017,91.56746703
Andorra,2018,
Andorra,2019,
Andorra,2020,
Andorra,2021,
Arab World,2016,43.36102836124081
Arab World,2017,48.39656004538833
Arab World,2018,54.482750567388244
Arab World,2019,61.442269114715224
Arab World,2020,68.86595790524238
Arab World,2021,
United Arab Emirates,2016,90.60000732
United Arab Emirates,2017,94.81992254
United Arab Emirates,2018,98.45000178
United Arab Emirates,2019,99.14999998
United Arab Emirates,2020,100.0
United Arab Emirates,2021,
Argentina,2016,70.96898082
Argentina,2017,74.29490687
Argentina,2018,77.7
Argentina,2019,79.9
Argentina,2020,85.5
Argentina,2021,
Armenia,2016,64.34602977
Armenia,2017,64.74488433
Armenia,2018,68.24505226
Armenia,2019,66.54394969
Armenia,2020,76.51
Armenia,2021,
American Samoa,2016,
American Samoa,2017,
American Samoa,2018,
American Samoa,2019,
American Samoa,2020,
American Samoa,2021,
Antigua and Barbuda,2016,73.0
Antigua and Barbuda,2017,
Antigua and Barbuda,2018,
Antigua and Barbuda,2019,
Antigua and Barbuda,2020,
Antigua and Barbuda,2021,
Australia,2016,86.54
Australia,2017,86.54504885
Australia,2018,87.6
Australia,2019,88.6
Australia,2020,89.6
Australia,2021,
Austria,2016,84.32374257
Austria,2017,87.93558659
Austria,2018,87.47913723
Austria,2019,87.75220479
Austria,2020,87.52942813
Austria,2021,
Azerbaijan,2016,78.2
Azerbaijan,2017,79.0
Azerbaijan,2018,79.79999549
Azerbaijan,2019,81.09999907
Azerbaijan,2020,84.59999573
Azerbaijan,2021,
Burundi,2016,2.2
Burundi,2017,2.660748535
Burundi,2018,4.1
Burundi,2019,6.2
Burundi,2020,9.4
Burundi,2021,
Belgium,2016,86.51647666
Belgium,2017,87.67968082
Belgium,2018,88.647343
Belgium,2019,90.27542981
Belgium,2020,91.52641629
Belgium,2021,
Benin,2016,14.5
Benin,2017,18.7
Benin,2018,19.0
Benin,2019,22.4
Benin,2020,25.8
Benin,2021,
Burkina Faso,2016,12.0
Burkina Faso,2017,16.8
Burkina Faso,2018,17.4
Burkina Faso,2019,18.0
Burkina Faso,2020,22.0
Burkina Faso,2021,
Bangladesh,2016,18.1
Bangladesh,2017,19.8
Bangladesh,2018,21.8
Bangladesh,2019,23.8
Bangladesh,2020,24.8
Bangladesh,2021,
Bulgaria,2016,59.82554766
Bulgaria,2017,63.41010138
Bulgaria,2018,64.78201069
Bulgaria,2019,67.94698094
Bulgaria,2020,70.16
Bulgaria,2021,
Bahrain,2016,97.9999807
Bahrain,2017,95.87813575
Bahrain,2018,98.64467258
Bahrain,2019,99.70149256
Bahrain,2020,99.67
Bahrain,2021,
"Bahamas, The",2016,80.0
"Bahamas, The",2017,80.6
"Bahamas, The",2018,83.0
"Bahamas, The",2019,85.0
"Bahamas, The",2020,87.0
"Bahamas, The",2021,
Bosnia and Herzegovina,2016,60.25653543
Bosnia and Herzegovina,2017,64.89202051
Bosnia and Herzegovina,2018,70.12013504
Bosnia and Herzegovina,2019,69.94634763
Bosnia and Herzegovina,2020,73.21
Bosnia and Herzegovina,2021,
Belarus,2016,71.11304576
Belarus,2017,74.43644541
Belarus,2018,79.12988669
Belarus,2019,82.78915209
Belarus,2020,85.09
Belarus,2021,
Belize,2016,44.57574032
Belize,2017,47.0826258
Belize,2018,49.8
Belize,2019,50.8
Belize,2020,
Belize,2021,
Bermuda,2016,98.0
Bermuda,2017,98.37
Bermuda,2018,
Bermuda,2019,
Bermuda,2020,
Bermuda,2021,
Bolivia,2016,39.6975146
Bolivia,2017,43.83227607
Bolivia,2018,44.2861422
Bolivia,2019,47.47481911
Bolivia,2020,59.94010155
Bolivia,2021,
Brazil,2016,60.87254007
Brazil,2017,67.47128452
Brazil,2018,70.43428254
Brazil,2019,73.91244005
Brazil,2020,81.34269353
Brazil,2021,
Barbados,2016,79.54939789
Barbados,2017,81.76077839
Barbados,2018,
Barbados,2019,
Barbados,2020,
Barbados,2021,
Brunei Darussalam,2016,90.0
Brunei Darussalam,2017,94.86669164
Brunei Darussalam,2018,95.0
Brunei Darussalam,2019,95.0
Brunei Darussalam,2020,95.0
Brunei Darussalam,2021,
Bhutan,2016,41.77264453
Bhutan,2017,46.2
Bhutan,2018,49.5
Bhutan,2019,53.5
Bhutan,2020,53.5
Bhutan,2021,
Botswana,2016,39.36299738
Botswana,2017,41.41379464
Botswana,2018,58.0
Botswana,2019,61.0
Botswana,2020,64.0
Botswana,2021,
Central African Republic,2016,3.1
Central African Republic,2017,4.0
Central African Republic,2018,5.1
Central African Republic,2019,8.3
Central African Republic,2020,10.4
Central African Republic,2021,
Canada,2016,91.16
Canada,2017,92.70137191
Canada,2018,94.64
Canada,2019,96.5
Canada,2020,96.97
Canada,2021,
Central Europe and the Baltics,2016,71.3419807922689
Central Europe and the Baltics,2017,73.40956730988795
Central Europe and the Baltics,2018,75.98213727193827
Central Europe and the Baltics,2019,78.72948708111096
Central Europe and the Baltics,2020,81.77477558728698
Central Europe and the Baltics,2021,
Switzerland,2016,89.13468774
Switzerland,2017,89.68614767
Switzerland,2018,91.8
Switzerland,2019,93.14608695
Switzerland,2020,94.2
Switzerland,2021,
Channel Islands,2016,
Channel Islands,2017,
Channel Islands,2018,
Channel Islands,2019,
Channel Islands,2020,
Channel Islands,2021,
Chile,2016,83.55858602
Chile,2017,82.32748693
Chile,2018,84.9
Chile,2019,86.1
Chile,2020,88.3
Chile,2021,
China,2016,53.2
China,2017,54.3
China,2018,59.2
China,2019,64.10983774
China,2020,70.40477542
China,2021,
Cote d'Ivoire,2016,25.3
Cote d'Ivoire,2017,34.8
Cote d'Ivoire,2018,37.54653613
Cote d'Ivoire,2019,36.28895457
Cote d'Ivoire,2020,
Cote d'Ivoire,2021,
Cameroon,2016,20.6
Cameroon,2017,23.20297197
Cameroon,2018,29.7
Cameroon,2019,33.5
Cameroon,2020,37.8
Cameroon,2021,
"Congo, Dem. Rep.",2016,6.20997406
"Congo, Dem. Rep.",2017,8.619904916
"Congo, Dem. Rep.",2018,11.7
"Congo, Dem. Rep.",2019,12.5
"Congo, Dem. Rep.",2020,13.6
"Congo, Dem. Rep.",2021,
"Congo, Rep.",2016,8.121949323
"Congo, Rep.",2017,8.65
"Congo, Rep.",2018,
"Congo, Rep.",2019,
"Congo, Rep.",2020,
"Congo, Rep.",2021,
Colombia,2016,58.13649357
Colombia,2017,62.25988032
Colombia,2018,64.12637682
Colombia,2019,65.00690072
Colombia,2020,69.79
Colombia,2021,
Comoros,2016,7.938322771
Comoros,2017,8.478170295
Comoros,2018,
Comoros,2019,
Comoros,2020,
Comoros,2021,
Cabo Verde,2016,50.32281787
Cabo Verde,2017,57.16214635
Cabo Verde,2018,59.5
Cabo Verde,2019,61.94339776
Cabo Verde,2020,64.5
Cabo Verde,2021,
Costa Rica,2016,65.88044919
Costa Rica,2017,71.58166462
Costa Rica,2018,73.47972844
Costa Rica,2019,81.20259644
Costa Rica,2020,80.53018608000001
Costa Rica,2021,
Caribbean small states,2016,52.2641496435268
Caribbean small states,2017,57.71852500880373
Caribbean small states,2018,
Caribbean small states,2019,
Caribbean small states,2020,
Caribbean small states,2021,
Cuba,2016,42.97867519
Cuba,2017,57.14840432
Cuba,2018,62.67892362
Cuba,2019,67.97080866
Cuba,2020,74.0
Cuba,2021,
Curacao,2016,61.85551074
Curacao,2017,68.12721625
Curacao,2018,
Curacao,2019,
Curacao,2020,
Curacao,2021,
Cayman Islands,2016,79.0
Cayman Islands,2017,81.06769325
Cayman Islands,2018,
Cayman Islands,2019,
Cayman Islands,2020,
Cayman Islands,2021,
Cyprus,2016,75.9002054
Cyprus,2017,80.74318897
Cyprus,2018,84.43358252
Cyprus,2019,86.06362996
Cyprus,2020,90.80194723
Cyprus,2021,
Czechia,2016,76.4811987
Czechia,2017,78.71917285
Czechia,2018,80.68816754
Czechia,2019,80.86694441
Czechia,2020,81.33889705
Czechia,2021,
Germany,2016,84.16520664
Germany,2017,84.3941537
Germany,2018,87.03711209
Germany,2019,88.13451691
Germany,2020,89.81294133
Germany,2021,
Djibouti,2016,30.8
Djibouti,2017,55.68140925
Djibouti,2018,58.0
Djibouti,2019,59.0
Djibouti,2020,59.0
Djibouti,2021,
Dominica,2016,67.03
Dominica,2017,69.61966879
Dominica,2018,
Dominica,2019,
Dominica,2020,
Dominica,2021,
Denmark,2016,96.96778525
Denmark,2017,97.09936216
Denmark,2018,97.31920437
Denmark,2019,98.04643475
Denmark,2020,96.54914573
Denmark,2021,
Dominican Republic,2016,63.87086474
Dominican Republic,2017,67.57124533
Dominican Republic,2018,74.82204836
Dominican Republic,2019,75.8
Dominican Republic,2020,76.9
Dominican Republic,2021,
Algeria,2016,42.94552688
Algeria,2017,47.69105515
Algeria,2018,49.03846808
Algeria,2019,57.9
Algeria,2020,62.9
Algeria,2021,
East Asia & Pacific (excluding high income),2016,47.67554632751791
East Asia & Pacific (excluding high income),2017,50.06713439735793
East Asia & Pacific (excluding high income),2018,55.73529560751832
East Asia & Pacific (excluding high income),2019,60.55893543109866
East Asia & Pacific (excluding high income),2020,66.5919627066461
East Asia & Pacific (excluding high income),2021,
Early-demographic dividend,2016,27.169906062625966
Early-demographic dividend,2017,30.44538957350163
Early-demographic dividend,2018,33.20463021833551
Early-demographic dividend,2019,39.68158354283314
Early-demographic dividend,2020,48.299863805901055
Early-demographic dividend,2021,
East Asia & Pacific,2016,52.24225034927816
East Asia & Pacific,2017,54.37322850409247
East Asia & Pacific,2018,59.51553838559107
East Asia & Pacific,2019,63.940296458581564
East Asia & Pacific,2020,69.2180870648183
East Asia & Pacific,2021,
Europe & Central Asia (excluding high income),2016,62.545291918383725
Europe & Central Asia (excluding high income),2017,66.34070096756014
Europe & Central Asia (excluding high income),2018,72.67895289964251
Europe & Central Asia (excluding high income),2019,76.78713197094605
Europe & Central Asia (excluding high income),2020,80.18968190172957
Europe & Central Asia (excluding high income),2021,
Europe & Central Asia,2016,72.39662256080582
Europe & Central Asia,2017,74.52881665972681
Europe & Central Asia,2018,78.92040673977658
Europe & Central Asia,2019,81.82335108928393
Europe & Central Asia,2020,83.88905328713646
Europe & Central Asia,2021,
Ecuador,2016,54.06292473
Ecuador,2017,55.8
Ecuador,2018,57.5
Ecuador,2019,61.6
Ecuador,2020,64.6
Ecuador,2021,
"Egypt, Arab Rep.",2016,41.24806709
"Egypt, Arab Rep.",2017,44.95020425
"Egypt, Arab Rep.",2018,46.92433677
"Egypt, Arab Rep.",2019,57.2828664
"Egypt, Arab Rep.",2020,71.91420097
"Egypt, Arab Rep.",2021,
Euro area,2016,77.9684265346935
Euro area,2017,79.64010814306774
Euro area,2018,82.98396014636779
Euro area,2019,84.82612003986222
Euro area,2020,85.2618932183977
Euro area,2021,
Eritrea,2016,1.17711872
Eritrea,2017,1.30890698
Eritrea,2018,
Eritrea,2019,
Eritrea,2020,
Eritrea,2021,
Spain,2016,80.56133294
Spain,2017,84.6022457
Spain,2018,86.10723553
Spain,2019,90.71866533
Spain,2020,93.20564892
Spain,2021,
Estonia,2016,87.24023275
Estonia,2017,88.10245687
Estonia,2018,89.35700777
Estonia,2019,90.2289282
Estonia,2020,89.05828666
Estonia,2021,
Ethiopia,2016,15.36692386
Ethiopia,2017,18.61805145
Ethiopia,2018,20.0
Ethiopia,2019,22.0
Ethiopia,2020,24.0
Ethiopia,2021,
European Union,2016,76.89717496154961
European Union,2017,78.6838126546675
European Union,2018,81.73837314104361
European Union,2019,83.84421328622025
European Union,2020,84.74347989790722
European Union,2021,
Fragile and conflict affected situations,2016,20.189842594267216
Fragile and conflict affected situations,2017,23.14980163470693
Fragile and conflict affected situations,2018,25.530252341444076
Fragile and conflict affected situations,2019,28.231744434168647
Fragile and conflict affected situations,2020,28.41175611609152
Fragile and conflict affected situations,2021,
Finland,2016,87.70364996
Finland,2017,87.46892907
Finland,2018,88.88996
Finland,2019,89.60738511
Finland,2020,92.17
Finland,2021,
Fiji,2016,49.42
Fiji,2017,65.78
Fiji,2018,68.9
Fiji,2019,
Fiji,2020,
Fiji,2021,
France,2016,79.26981132
France,2017,80.50245972
France,2018,82.04318678
France,2019,83.33974409
France,2020,84.8
France,2021,
Faroe Islands,2016,95.10868167
Faroe Islands,2017,97.58195894
Faroe Islands,2018,
Faroe Islands,2019,
Faroe Islands,2020,
Faroe Islands,2021,
"Micronesia, Fed. Sts.",2016,33.35216255
"Micronesia, Fed. Sts.",2017,35.30405287
"Micronesia, Fed. Sts.",2018,
"Micronesia, Fed. Sts.",2019,
"Micronesia, Fed. Sts.",2020,
"Micronesia, Fed. Sts.",2021,
Gabon,2016,48.05227375
Gabon,2017,50.32012015
Gabon,2018,59.6
Gabon,2019,61.0
Gabon,2020,62.0
Gabon,2021,
United Kingdom,2016,94.77580063
United Kingdom,2017,90.42455049
United Kingdom,2018,90.69200899
United Kingdom,2019,92.51662855
United Kingdom,2020,94.81820132
United Kingdom,2021,
Georgia,2016,58.45928961
Georgia,2017,59.7055046
Georgia,2018,62.7179082
Georgia,2019,68.84670565
Georgia,2020,72.53158402
Georgia,2021,
Ghana,2016,28.0
Ghana,2017,37.88415262
Ghana,2018,43.0
Ghana,2019,53.0
Ghana,2020,58.0
Ghana,2021,
Gibraltar,2016,94.44447158
Gibraltar,2017,
Gibraltar,2018,
Gibraltar,2019,
Gibraltar,2020,
Gibraltar,2021,
Guinea,2016,13.1
Guinea,2017,18.7
Guinea,2018,21.83002304
Guinea,2019,23.0
Guinea,2020,26.0
Guinea,2021,
"Gambia, The",2016,21.4
"Gambia, The",2017,25.1
"Gambia, The",2018,32.6
"Gambia, The",2019,34.5
"Gambia, The",2020,36.5
"Gambia, The",2021,
Guinea-Bissau,2016,13.8
Guinea-Bissau,2017,14.8
Guinea-Bissau,2018,15.7
Guinea-Bissau,2019,19.4
Guinea-Bissau,2020,22.9
Guinea-Bissau,2021,
Equatorial Guinea,2016,23.7799999
Equatorial Guinea,2017,26.239999
Equatorial Guinea,2018,
Equatorial Guinea,2019,
Equatorial Guinea,2020,
Equatorial Guinea,2021,
Greece,2016,69.08791547
Greece,2017,69.89297065
Greece,2018,72.23837339
Greece,2019,75.67120669
Greece,2020,78.11584474
Greece,2021,
Grenada,2016,53.3
Grenada,2017,54.2
Grenada,2018,55.1
Grenada,2019,56.0
Grenada,2020,56.9
Grenada,2021,
Greenland,2016,68.50087368
Greenland,2017,69.48246178
Greenland,2018,
Greenland,2019,
Greenland,2020,
Greenland,2021,
Guatemala,2016,34.50932609
Guatemala,2017,37.9
Guatemala,2018,41.5
Guatemala,2019,44.40104984
Guatemala,2020,49.97
Guatemala,2021,
Guam,2016,77.00999989
Guam,2017,80.50546556
Guam,2018,
Guam,2019,
Guam,2020,
Guam,2021,
Guyana,2016,35.66
Guyana,2017,37.32583679
Guyana,2018,
Guyana,2019,
Guyana,2020,
Guyana,2021,
High income,2016,83.769703071032
High income,2017,85.33294643915859
High income,2018,87.12906287122276
High income,2019,88.71080515884891
High income,2020,89.55406102957865
High income,2021,
"Hong Kong SAR, China",2016,87.47941467
"Hong Kong SAR, China",2017,89.41594465
"Hong Kong SAR, China",2018,90.50739533
"Hong Kong SAR, China",2019,91.74340039
"Hong Kong SAR, China",2020,92.41313602
"Hong Kong SAR, China",2021,
Honduras,2016,29.5
Honduras,2017,31.7
Honduras,2018,36.0
Honduras,2019,39.38835219
Honduras,2020,42.05
Honduras,2021,
Heavily indebted poor countries (HIPC),2016,13.168519495300078
Heavily indebted poor countries (HIPC),2017,16.506617303875814
Heavily indebted poor countries (HIPC),2018,20.190199306099963
Heavily indebted poor countries (HIPC),2019,22.569999843164148
Heavily indebted poor countries (HIPC),2020,25.044779832074067
Heavily indebted poor countries (HIPC),2021,
Croatia,2016,72.69726967
Croatia,2017,67.09619204
Croatia,2018,75.29462599
Croatia,2019,79.07978368
Croatia,2020,78.32093274
Croatia,2021,
Haiti,2016,22.8
Haiti,2017,27.2
Haiti,2018,32.47362713
Haiti,2019,33.3
Haiti,2020,34.5
Haiti,2021,
Hungary,2016,79.25941213
Hungary,2017,76.75054712
Hungary,2018,76.07436064
Hungary,2019,80.37169361
Hungary,2020,84.77115202
Hungary,2021,
IBRD only,2016,42.213124904871286
IBRD only,2017,44.9869425042091
IBRD only,2018,48.729563366738944
IBRD only,2019,54.72748460451394
IBRD only,2020,62.713225438483185
IBRD only,2021,
IDA & IBRD total,2016,35.89687177832284
IDA & IBRD total,2017,38.607105503650985
IDA & IBRD total,2018,42.399347043352535
IDA & IBRD total,2019,47.58328540666889
IDA & IBRD total,2020,54.43219285314086
IDA & IBRD total,2021,
IDA total,2016,16.77211684823676
IDA total,2017,19.570477753738913
IDA total,2018,22.554509609056932
IDA total,2019,25.1495787692679
IDA total,2020,28.13114507898887
IDA total,2021,
IDA blend,2016,20.286748502893236
IDA blend,2017,22.11053414868762
IDA blend,2018,25.35513713336458
IDA blend,2019,27.996917197999686
IDA blend,2020,32.86807115582349
IDA blend,2021,
Indonesia,2016,25.4473537
Indonesia,2017,32.33580625
Indonesia,2018,39.90463864
Indonesia,2019,47.69064898
Indonesia,2020,53.72649449
Indonesia,2021,
IDA only,2016,14.991841862554452
IDA only,2017,18.285542638311718
IDA only,2018,21.033867972445982
IDA only,2019,23.563967927975188
IDA only,2020,25.349590084068247
IDA only,2021,
Isle of Man,2016,
Isle of Man,2017,
Isle of Man,2018,
Isle of Man,2019,
Isle of Man,2020,
Isle of Man,2021,
India,2016,16.5
India,2017,18.2
India,2018,20.08130004
India,2019,29.4
India,2020,43.0
India,2021,
Not classified,2016,
Not classified,2017,
Not classified,2018,
Not classified,2019,
Not classified,2020,
Not classified,2021,
Ireland,2016,83.5
Ireland,2017,84.11400706
Ireland,2018,87.00014011
Ireland,2019,87.00005524
Ireland,2020,91.99989097
Ireland,2021,
"Iran, Islamic Rep.",2016,53.22677167
"Iran, Islamic Rep.",2017,64.04397362
"Iran, Islamic Rep.",2018,70.200565
"Iran, Islamic Rep.",2019,77.77083846
"Iran, Islamic Rep.",2020,84.11087002
"Iran, Islamic Rep.",2021,
Iraq,2016,37.67
Iraq,2017,41.94
Iraq,2018,43.3
Iraq,2019,60.0
Iraq,2020,
Iraq,2021,
Iceland,2016,98.2400163
Iceland,2017,98.25520119
Iceland,2018,99.01095399
Iceland,2019,99.0
Iceland,2020,99.0
Iceland,2021,
Israel,2016,79.65312418
Israel,2017,81.58118359
Israel,2018,83.73315696
Israel,2019,86.78787762
Israel,2020,90.12734091
Israel,2021,
Italy,2016,61.32425277
Italy,2017,63.077347
Italy,2018,74.38718292
Italy,2019,76.1
Italy,2020,70.48342785
Italy,2021,
Jamaica,2016,44.36685637
Jamaica,2017,55.07206705
Jamaica,2018,68.21451709
Jamaica,2019,
Jamaica,2020,
Jamaica,2021,
Jordan,2016,56.15
Jordan,2017,64.5
Jordan,2018,66.1
Jordan,2019,
Jordan,2020,
Jordan,2021,
Japan,2016,93.18272128
Japan,2017,91.72654724
Japan,2018,91.28
Japan,2019,92.73039781
Japan,2020,90.21945812
Japan,2021,
Kazakhstan,2016,74.58772647
Kazakhstan,2017,76.42674823
Kazakhstan,2018,78.90391906
Kazakhstan,2019,81.87762047
Kazakhstan,2020,85.94259898
Kazakhstan,2021,
Kenya,2016,16.6
Kenya,2017,17.82710021
Kenya,2018,19.5
Kenya,2019,22.56511937
Kenya,2020,29.5
Kenya,2021,
Kyrgyz Republic,2016,34.5
Kyrgyz Republic,2017,38.19903776
Kyrgyz Republic,2018,42.8
Kyrgyz Republic,2019,51.0
Kyrgyz Republic,2020,
Kyrgyz Republic,2021,
Cambodia,2016,32.39845171
Cambodia,2017,32.90027854
Cambodia,2018,
Cambodia,2019,
Cambodia,2020,
Cambodia,2021,
Kiribati,2016,18.7
Kiribati,2017,23.4
Kiribati,2018,29.4
Kiribati,2019,36.9
Kiribati,2020,38.0
Kiribati,2021,
St. Kitts and Nevis,2016,76.81767491
St. Kitts and Nevis,2017,80.71019081
St. Kitts and Nevis,2018,
St. Kitts and Nevis,2019,
St. Kitts and Nevis,2020,
St. Kitts and Nevis,2021,
"Korea, Rep.",2016,92.84302568
"Korea, Rep.",2017,95.06942188
"Korea, Rep.",2018,96.02285958
"Korea, Rep.",2019,96.15757918
"Korea, Rep.",2020,96.50505968
"Korea, Rep.",2021,
Kuwait,2016,85.6
Kuwait,2017,97.99998933
Kuwait,2018,99.59884959
Kuwait,2019,99.54267645
Kuwait,2020,99.10587967
Kuwait,2021,
Latin America & Caribbean (excluding high income),2016,56.40381876970195
Latin America & Caribbean (excluding high income),2017,61.61891965540302
Latin America & Caribbean (excluding high income),2018,64.70366011732123
Latin America & Caribbean (excluding high income),2019,68.05599178292623
Latin America & Caribbean (excluding high income),2020,73.19701921860619
Latin America & Caribbean (excluding high income),2021,
Lao PDR,2016,21.87
Lao PDR,2017,25.51043508
Lao PDR,2018,29.1
Lao PDR,2019,30.84
Lao PDR,2020,33.8
Lao PDR,2021,
Lebanon,2016,76.11
Lebanon,2017,78.18077489
Lebanon,2018,80.9
Lebanon,2019,80.9
Lebanon,2020,84.1
Lebanon,2021,
Liberia,2016,15.7
Liberia,2017,16.3
Liberia,2018,18.9
Liberia,2019,22.0
Liberia,2020,25.6
Liberia,2021,
Libya,2016,
Libya,2017,
Libya,2018,
Libya,2019,
Libya,2020,
Libya,2021,
St. Lucia,2016,43.8
St. Lucia,2017,46.0
St. Lucia,2018,48.3
St. Lucia,2019,50.7
St. Lucia,2020,53.3
St. Lucia,2021,
Latin America & Caribbean,2016,57.5287851570846
Latin America & Caribbean,2017,62.3446297495113
Latin America & Caribbean,2018,65.43800536512417
Latin America & Caribbean,2019,68.72758684722382
Latin America & Caribbean,2020,73.68558356803723
Latin America & Caribbean,2021,
Least developed countries: UN classification,2016,13.875803766830904
Least developed countries: UN classification,2017,16.754018140820154
Least developed countries: UN classification,2018,19.473710069430574
Least developed countries: UN classification,2019,21.853754980602936
Least developed countries: UN classification,2020,24.087466588747674
Least developed countries: UN classification,2021,
Low income,2016,11.078336153299688
Low income,2017,13.755591225250535
Low income,2018,16.226622075744878
Low income,2019,18.13061168337786
Low income,2020,20.587444858767867
Low income,2021,
Liechtenstein,2016,98.09390389
Liechtenstein,2017,99.54661245
Liechtenstein,2018,
Liechtenstein,2019,
Liechtenstein,2020,
Liechtenstein,2021,
Sri Lanka,2016,15.1
Sri Lanka,2017,21.3
Sri Lanka,2018,26.0
Sri Lanka,2019,29.0
Sri Lanka,2020,35.0
Sri Lanka,2021,
Lower middle income,2016,23.67811691278673
Lower middle income,2017,26.745398783532803
Lower middle income,2018,30.08918394766636
Lower middle income,2019,36.42944581227079
Lower middle income,2020,45.1017674875909
Lower middle income,2021,
Low & middle income,2016,35.303223360144855
Low & middle income,2017,38.05857379178155
Low & middle income,2018,41.96529445132822
Low & middle income,2019,47.189611986642824
Low & middle income,2020,54.09065968972063
Low & middle income,2021,
Lesotho,2016,32.45385695
Lesotho,2017,39.0
Lesotho,2018,40.8
Lesotho,2019,42.30173357
Lesotho,2020,43.0
Lesotho,2021,
Late-demographic dividend,2016,56.72490813434518
Late-demographic dividend,2017,59.060636492095476
Late-demographic dividend,2018,63.749186299159405
Late-demographic dividend,2019,67.96238289762904
Late-demographic dividend,2020,73.85884898370163
Late-demographic dividend,2021,
Lithuania,2016,74.37664556
Lithuania,2017,77.61525651
Lithuania,2018,79.72258277
Lithuania,2019,81.58186838
Lithuania,2020,83.05555096
Lithuania,2021,
Luxembourg,2016,98.13669867
Luxembourg,2017,97.36296032
Luxembourg,2018,97.06129871
Luxembourg,2019,97.12063569
Luxembourg,2020,98.82242384
Luxembourg,2021,
Latvia,2016,79.84209778
Latvia,2017,80.114077
Latvia,2018,83.57717486
Latvia,2019,86.13545644
Latvia,2020,88.9
Latvia,2021,
"Macao SAR, China",2016,81.64298546
"Macao SAR, China",2017,83.17408907
"Macao SAR, China",2018,83.79408961
"Macao SAR, China",2019,86.46792571
"Macao SAR, China",2020,88.1
"Macao SAR, China",2021,
St. Martin (French part),2016,
St. Martin (French part),2017,
St. Martin (French part),2018,
St. Martin (French part),2019,
St. Martin (French part),2020,
St. Martin (French part),2021,
Morocco,2016,58.27123642
Morocco,2017,61.76221201
Morocco,2018,64.80386519
Morocco,2019,74.37631447
Morocco,2020,84.12036305
Morocco,2021,
Monaco,2016,95.20817797
Monaco,2017,97.05297684
Monaco,2018,
Monaco,2019,
Monaco,2020,
Monaco,2021,
Moldova,2016,70.99999911
Moldova,2017,76.12451989
Moldova,2018,
Moldova,2019,
Moldova,2020,
Moldova,2021,
Madagascar,2016,4.713662899
Madagascar,2017,9.8
Madagascar,2018,15.0
Madagascar,2019,
Madagascar,2020,
Madagascar,2021,
Maldives,2016,59.09258997
Maldives,2017,61.25
Maldives,2018,62.07
Maldives,2019,62.5
Maldives,2020,62.93
Maldives,2021,
Middle East & North Africa,2016,50.2875350527046
Middle East & North Africa,2017,56.63393196069551
Middle East & North Africa,2018,61.44427624985727
Middle East & North Africa,2019,69.28152490787512
Middle East & North Africa,2020,77.83233394170928
Middle East & North Africa,2021,
Mexico,2016,59.540446
Mexico,2017,63.85224909
Mexico,2018,65.77263448
Mexico,2019,70.06991047
Mexico,2020,71.96819405
Mexico,2021,
Marshall Islands,2016,29.78777936
Marshall Islands,2017,38.70116262
Marshall Islands,2018,
Marshall Islands,2019,
Marshall Islands,2020,
Marshall Islands,2021,
Middle income,2016,37.86223763876049
Middle income,2017,40.66564499233392
Middle income,2018,44.48347888085826
Middle income,2019,49.949545803464815
Middle income,2020,57.256561490575095
Middle income,2021,
North Macedonia,2016,72.15681447
North Macedonia,2017,74.51682418
North Macedonia,2018,79.16775519
North Macedonia,2019,81.41288276
North Macedonia,2020,81.40553811
North Macedonia,2021,
Mali,2016,14.0
Mali,2017,18.9
Mali,2018,21.4
Mali,2019,24.2
Mali,2020,27.4
Mali,2021,
Malta,2016,78.0751488
Malta,2017,81.01191108
Malta,2018,81.65804429
Malta,2019,85.77856081
Malta,2020,86.85876416
Malta,2021,
Myanmar,2016,16.0
Myanmar,2017,23.62108195
Myanmar,2018,28.7
Myanmar,2019,34.9
Myanmar,2020,35.1
Myanmar,2021,
Middle East & North Africa (excluding high income),2016,45.14793540702951
Middle East & North Africa (excluding high income),2017,50.50743146554037
Middle East & North Africa (excluding high income),2018,55.528025975278304
Middle East & North Africa (excluding high income),2019,64.2927000848812
Middle East & North Africa (excluding high income),2020,73.63170568307834
Middle East & North Africa (excluding high income),2021,
Montenegro,2016,69.88164684
Montenegro,2017,71.27233254
Montenegro,2018,71.51710049
Montenegro,2019,73.47666575
Montenegro,2020,77.60879306
Montenegro,2021,
Mongolia,2016,22.2657705
Mongolia,2017,23.71426517
Mongolia,2018,47.13000188
Mongolia,2019,51.07999408
Mongolia,2020,62.50002848
Mongolia,2021,
Northern Mariana Islands,2016,
Northern Mariana Islands,2017,
Northern Mariana Islands,2018,
Northern Mariana Islands,2019,
Northern Mariana Islands,2020,
Northern Mariana Islands,2021,
Mozambique,2016,7.0
Mozambique,2017,7.8
Mozambique,2018,10.9
Mozambique,2019,15.1
Mozambique,2020,16.5
Mozambique,2021,
Mauritania,2016,24.1
Mauritania,2017,24.2
Mauritania,2018,35.1
Mauritania,2019,36.7
Mauritania,2020,40.8
Mauritania,2021,
Mauritius,2016,52.19132594
Mauritius,2017,55.4032403
Mauritius,2018,58.5961697
Mauritius,2019,61.72995515
Mauritius,2020,64.88490358
Mauritius,2021,
Malawi,2016,6.3
Malawi,2017,7.0
Malawi,2018,8.0
Malawi,2019,9.9
Malawi,2020,
Malawi,2021,
Malaysia,2016,78.78830993
Malaysia,2017,80.14047901
Malaysia,2018,81.20104862
Malaysia,2019,84.18714501
Malaysia,2020,89.55501192
Malaysia,2021,
North America,2016,86.11499710710564
North America,2017,87.82762949949678
North America,2018,89.1241000784054
North America,2019,90.15198415643503
North America,2020,91.52128298941052
North America,2021,
Namibia,2016,31.03334594
Namibia,2017,36.83740647
Namibia,2018,40.0
Namibia,2019,40.5
Namibia,2020,41.0
Namibia,2021,
New Caledonia,2016,
New Caledonia,2017,82.0058408
New Caledonia,2018,
New Caledonia,2019,
New Caledonia,2020,
New Caledonia,2021,
Niger,2016,4.32275803
Niger,2017,10.22431156
Niger,2018,
Niger,2019,
Niger,2020,
Niger,2021,
Nigeria,2016,25.67
Nigeria,2017,28.0
Nigeria,2018,31.9
Nigeria,2019,33.6
Nigeria,2020,35.5
Nigeria,2021,
Nicaragua,2016,24.57183396
Nicaragua,2017,30.4
Nicaragua,2018,37.6
Nicaragua,2019,37.8
Nicaragua,2020,45.2
Nicaragua,2021,
Netherlands,2016,90.4109589
Netherlands,2017,93.19727891
Netherlands,2018,91.89189189
Netherlands,2019,93.2885906
Netherlands,2020,91.33333333
Netherlands,2021,
Norway,2016,97.29820367
Norway,2017,96.3576013
Norway,2018,96.49165799
Norway,2019,98.00000439
Norway,2020,97.0
Norway,2021,
Nepal,2016,20.7
Nepal,2017,24.3
Nepal,2018,28.6
Nepal,2019,32.8
Nepal,2020,37.7
Nepal,2021,
Nauru,2016,
Nauru,2017,62.38512451
Nauru,2018,
Nauru,2019,
Nauru,2020,
Nauru,2021,
New Zealand,2016,86.5
New Zealand,2017,87.7
New Zealand,2018,89.0
New Zealand,2019,90.2
New Zealand,2020,91.5
New Zealand,2021,
OECD members,2016,79.83311193708256
OECD members,2017,81.45340303093803
OECD members,2018,83.36854948001216
OECD members,2019,85.17789266574084
OECD members,2020,86.2910078897545
OECD members,2021,
Oman,2016,76.84539047
Oman,2017,80.18563573
Oman,2018,85.5
Oman,2019,90.3
Oman,2020,95.23
Oman,2021,
Other small states,2016,47.878586876751264
Other small states,2017,51.411112636150136
Other small states,2018,59.22172596651978
Other small states,2019,60.843073874042766
Other small states,2020,62.06902509565467
Other small states,2021,
Pakistan,2016,12.38544676
Pakistan,2017,13.78
Pakistan,2018,15.34
Pakistan,2019,17.07090203
Pakistan,2020,25.0
Pakistan,2021,
Panama,2016,54.0
Panama,2017,59.9506309
Panama,2018,61.80553132
Panama,2019,63.62841477
Panama,2020,64.25
Panama,2021,
Peru,2016,45.46174069
Peru,2017,50.45041218
Peru,2018,55.05433424
Peru,2019,59.95050106
Peru,2020,65.25
Peru,2021,
Philippines,2016,39.2
Philippines,2017,41.6
Philippines,2018,44.1
Philippines,2019,43.02661187
Philippines,2020,49.8
Philippines,2021,
Palau,2016,
Palau,2017,
Palau,2018,
Palau,2019,
Palau,2020,
Palau,2021,
Papua New Guinea,2016,9.601538462
Papua New Guinea,2017,11.20919659
Papua New Guinea,2018,
Papua New Guinea,2019,
Papua New Guinea,2020,
Papua New Guinea,2021,
Poland,2016,73.3007041
Poland,2017,75.98536595
Poland,2018,77.54173454
Poland,2019,80.43590724
Poland,2020,83.18488715
Poland,2021,
Pre-demographic dividend,2016,15.728189000318244
Pre-demographic dividend,2017,18.519249910343277
Pre-demographic dividend,2018,22.329894939733467
Pre-demographic dividend,2019,25.153720057314633
Pre-demographic dividend,2020,26.051091880172486
Pre-demographic dividend,2021,
Puerto Rico,2016,68.6438072
Puerto Rico,2017,68.74077314
Puerto Rico,2018,70.85639974
Puerto Rico,2019,77.73643937
Puerto Rico,2020,
Puerto Rico,2021,
"Korea, Dem. People's Rep.",2016,
"Korea, Dem. People's Rep.",2017,
"Korea, Dem. People's Rep.",2018,
"Korea, Dem. People's Rep.",2019,
"Korea, Dem. People's Rep.",2020,
"Korea, Dem. People's Rep.",2021,
Portugal,2016,70.42356709
Portugal,2017,73.79121395
Portugal,2018,74.66096815
Portugal,2019,75.34637794
Portugal,2020,78.26166044
Portugal,2021,
Paraguay,2016,53.40412748
Paraguay,2017,61.07575622
Paraguay,2018,64.99354302
Paraguay,2019,68.51762842
Paraguay,2020,73.95751114
Paraguay,2021,
West Bank and Gaza,2016,59.9
West Bank and Gaza,2017,63.3
West Bank and Gaza,2018,64.39999371
West Bank and Gaza,2019,70.6225837
West Bank and Gaza,2020,74.6
West Bank and Gaza,2021,
Pacific island small states,2016,31.481204336425673
Pacific island small states,2017,38.856767079617214
Pacific island small states,2018,
Pacific island small states,2019,
Pacific island small states,2020,
Pacific island small states,2021,
Post-demographic dividend,2016,83.17873955204837
Post-demographic dividend,2017,84.3949357002876
Post-demographic dividend,2018,86.20130441832893
Post-demographic dividend,2019,87.93954652488259
Post-demographic dividend,2020,88.71978708094949
Post-demographic dividend,2021,
French Polynesia,2016,68.44041949
French Polynesia,2017,72.70389531
French Polynesia,2018,
French Polynesia,2019,
French Polynesia,2020,
French Polynesia,2021,
Qatar,2016,95.12466217
Qatar,2017,97.38884917
Qatar,2018,99.65284913
Qatar,2019,99.65280421
Qatar,2020,99.65284913
Qatar,2021,
Romania,2016,59.50395129
Romania,2017,63.74728218
Romania,2018,70.68127793
Romania,2019,73.65747575
Romania,2020,78.45526741
Romania,2021,
Russian Federation,2016,73.09143462
Russian Federation,2017,76.00813853
Russian Federation,2018,80.86472187
Russian Federation,2019,82.64216156
Russian Federation,2020,84.99467026
Russian Federation,2021,
Rwanda,2016,20.0
Rwanda,2017,21.76763262
Rwanda,2018,25.0
Rwanda,2019,26.0
Rwanda,2020,26.5
Rwanda,2021,
South Asia,2016,16.129732032394156
South Asia,2017,17.88886055134795
South Asia,2018,19.8376304931558
South Asia,2019,27.271025764351254
South Asia,2020,38.562375613272835
South Asia,2021,
Saudi Arabia,2016,74.87927469
Saudi Arabia,2017,94.17559961
Saudi Arabia,2018,93.31000185
Saudi Arabia,2019,95.7247356
Saudi Arabia,2020,97.86
Saudi Arabia,2021,
Sudan,2016,14.09999994
Sudan,2017,18.6
Sudan,2018,24.6
Sudan,2019,25.9
Sudan,2020,28.4
Sudan,2021,
Senegal,2016,25.66476804
Senegal,2017,29.64312367
Senegal,2018,35.3
Senegal,2019,39.5
Senegal,2020,42.6
Senegal,2021,
Singapore,2016,84.45226789
Singapore,2017,84.45226789
Singapore,2018,88.16563603
Singapore,2019,88.94925269
Singapore,2020,92.00434653
Singapore,2021,
Solomon Islands,2016,11.00090227
Solomon Islands,2017,11.92422906
Solomon Islands,2018,
Solomon Islands,2019,
Solomon Islands,2020,
Solomon Islands,2021,
Sierra Leone,2016,11.77318438
Sierra Leone,2017,13.23693043
Sierra Leone,2018,15.8
Sierra Leone,2019,16.8
Sierra Leone,2020,18.0
Sierra Leone,2021,
El Salvador,2016,28.99707305
El Salvador,2017,33.8207289
El Salvador,2018,43.8
El Salvador,2019,50.49119319
El Salvador,2020,54.60137027
El Salvador,2021,
San Marino,2016,
San Marino,2017,60.18230126
San Marino,2018,
San Marino,2019,
San Marino,2020,
San Marino,2021,
Somalia,2016,1.88
Somalia,2017,2.004048698
Somalia,2018,
Somalia,2019,
Somalia,2020,
Somalia,2021,
Serbia,2016,67.05684137
Serbia,2017,70.33083553
Serbia,2018,73.36070915
Serbia,2019,77.41677362
Serbia,2020,78.36804077
Serbia,2021,
Sub-Saharan Africa (excluding high income),2016,17.921072577125347
Sub-Saharan Africa (excluding high income),2017,20.828647038601982
Sub-Saharan Africa (excluding high income),2018,24.71195171640591
Sub-Saharan Africa (excluding high income),2019,27.330866709842915
Sub-Saharan Africa (excluding high income),2020,30.037853954719704
Sub-Saharan Africa (excluding high income),2021,
South Sudan,2016,3.5
South Sudan,2017,4.1
South Sudan,2018,4.8
South Sudan,2019,5.6
South Sudan,2020,6.5
South Sudan,2021,
Sub-Saharan Africa,2016,17.924684987620243
Sub-Saharan Africa,2017,20.832130507636926
Sub-Saharan Africa,2018,24.71623494644799
Sub-Saharan Africa,2019,27.33539450806723
Sub-Saharan Africa,2020,30.042620349243634
Sub-Saharan Africa,2021,
Small states,2016,47.703936324900404
Small states,2017,51.801269400258505
Small states,2018,60.17165815062414
Small states,2019,61.0090492221935
Small states,2020,62.38905325878986
Small states,2021,
Sao Tome and Principe,2016,28.0
Sao Tome and Principe,2017,29.9312292
Sao Tome and Principe,2018,31.9
Sao Tome and Principe,2019,32.0
Sao Tome and Principe,2020,33.0
Sao Tome and Principe,2021,
Suriname,2016,45.4
Suriname,2017,48.94517397
Suriname,2018,53.8
Suriname,2019,68.75
Suriname,2020,70.06
Suriname,2021,
Slovak Republic,2016,80.47585728
Slovak Republic,2017,81.62566752
Slovak Republic,2018,80.44892248
Slovak Republic,2019,82.8536605
Slovak Republic,2020,89.9209082
Slovak Republic,2021,
Slovenia,2016,75.49850426
Slovenia,2017,78.88542636
Slovenia,2018,79.7499766
Slovenia,2019,83.1083578
Slovenia,2020,86.60130109
Slovenia,2021,
Sweden,2016,89.65094761
Sweden,2017,93.00626697
Sweden,2018,89.24696316
Sweden,2019,94.49344341
Sweden,2020,94.53943122
Sweden,2021,
Eswatini,2016,28.57
Eswatini,2017,30.3
Eswatini,2018,
Eswatini,2019,
Eswatini,2020,
Eswatini,2021,
Sint Maarten (Dutch part),2016,
Sint Maarten (Dutch part),2017,
Sint Maarten (Dutch part),2018,
Sint Maarten (Dutch part),2019,
Sint Maarten (Dutch part),2020,
Sint Maarten (Dutch part),2021,
Seychelles,2016,56.51470815
Seychelles,2017,58.76981124
Seychelles,2018,70.1
Seychelles,2019,75.0
Seychelles,2020,79.0
Seychelles,2021,
Syrian Arab Republic,2016,31.86962727
Syrian Arab Republic,2017,32.7
Syrian Arab Republic,2018,33.77
Syrian Arab Republic,2019,34.65
Syrian Arab Republic,2020,35.78
Syrian Arab Republic,2021,
Turks and Caicos Islands,2016,
Turks and Caicos Islands,2017,
Turks and Caicos Islands,2018,
Turks and Caicos Islands,2019,
Turks and Caicos Islands,2020,
Turks and Caicos Islands,2021,
Chad,2016,5.8
Chad,2017,7.4
Chad,2018,8.0
Chad,2019,9.8
Chad,2020,10.4
Chad,2021,
East Asia & Pacific (IDA & IBRD countries),2016,47.675546327517914
East Asia & Pacific (IDA & IBRD countries),2017,50.06719709313298
East Asia & Pacific (IDA & IBRD countries),2018,55.73529560751832
East Asia & Pacific (IDA & IBRD countries),2019,60.55893543109866
East Asia & Pacific (IDA & IBRD countries),2020,66.59196270664611
East Asia & Pacific (IDA & IBRD countries),2021,
Europe & Central Asia (IDA & IBRD countries),2016,63.409173610062766
Europe & Central Asia (IDA & IBRD countries),2017,67.037188718603
Europe & Central Asia (IDA & IBRD countries),2018,73.0356081074753
Europe & Central Asia (IDA & IBRD countries),2019,76.98515537654079
Europe & Central Asia (IDA & IBRD countries),2020,80.3560611397003
Europe & Central Asia (IDA & IBRD countries),2021,
Togo,2016,11.31
Togo,2017,12.36022497
Togo,2018,15.5
Togo,2019,19.3
Togo,2020,24.0
Togo,2021,
Thailand,2016,47.50496562
Thailand,2017,52.89192934
Thailand,2018,56.81748093
Thailand,2019,66.65241946
Thailand,2020,77.84374066
Thailand,2021,
Tajikistan,2016,20.47
Tajikistan,2017,21.96
Tajikistan,2018,
Tajikistan,2019,
Tajikistan,2020,
Tajikistan,2021,
Turkmenistan,2016,17.99032446
Turkmenistan,2017,21.25099741
Turkmenistan,2018,
Turkmenistan,2019,
Turkmenistan,2020,
Turkmenistan,2021,
Latin America & the Caribbean (IDA & IBRD countries),2016,57.70331941949005
Latin America & the Caribbean (IDA & IBRD countries),2017,62.376439918674244
Latin America & the Caribbean (IDA & IBRD countries),2018,65.45153733868668
Latin America & the Caribbean (IDA & IBRD countries),2019,68.68710496548027
Latin America & the Caribbean (IDA & IBRD countries),2020,73.67099601104152
Latin America & the Caribbean (IDA & IBRD countries),2021,
Timor-Leste,2016,21.2
Timor-Leste,2017,24.2
Timor-Leste,2018,27.6
Timor-Leste,2019,29.0
Timor-Leste,2020,29.1
Timor-Leste,2021,
Middle East & North Africa (IDA & IBRD countries),2016,44.95767705751837
Middle East & North Africa (IDA & IBRD countries),2017,50.34130169943776
Middle East & North Africa (IDA & IBRD countries),2018,55.40231767893836
Middle East & North Africa (IDA & IBRD countries),2019,64.19961195404169
Middle East & North Africa (IDA & IBRD countries),2020,73.61546860819037
Middle East & North Africa (IDA & IBRD countries),2021,
Tonga,2016,39.95
Tonga,2017,41.24872764
Tonga,2018,
Tonga,2019,
Tonga,2020,
Tonga,2021,
South Asia (IDA & IBRD),2016,16.129732032394156
South Asia (IDA & IBRD),2017,17.888860551347953
South Asia (IDA & IBRD),2018,19.837630493155803
South Asia (IDA & IBRD),2019,27.27102576435125
South Asia (IDA & IBRD),2020,38.56237561327283
South Asia (IDA & IBRD),2021,
Sub-Saharan Africa (IDA & IBRD countries),2016,17.924684987620243
Sub-Saharan Africa (IDA & IBRD countries),2017,20.83213050763692
Sub-Saharan Africa (IDA & IBRD countries),2018,24.716234946447994
Sub-Saharan Africa (IDA & IBRD countries),2019,27.33539450806723
Sub-Saharan Africa (IDA & IBRD countries),2020,30.042620349243634
Sub-Saharan Africa (IDA & IBRD countries),2021,
Trinidad and Tobago,2016,67.8
Trinidad and Tobago,2017,70.6
Trinidad and Tobago,2018,
Trinidad and Tobago,2019,
Trinidad and Tobago,2020,
Trinidad and Tobago,2021,
Tunisia,2016,49.59999484
Tunisia,2017,55.50015506
Tunisia,2018,64.19081023
Tunisia,2019,66.6999983
Tunisia,2020,71.9
Tunisia,2021,
Turkiye,2016,58.34773401
Turkiye,2017,64.68461768
Turkiye,2018,71.04276084
Turkiye,2019,73.97670281
Turkiye,2020,77.67
Turkiye,2021,
Tuvalu,2016,31.0
Tuvalu,2017,35.2
Tuvalu,2018,
Tuvalu,2019,
Tuvalu,2020,
Tuvalu,2021,
Tanzania,2016,13.50423285
Tanzania,2017,15.99999943
Tanzania,2018,19.0
Tanzania,2019,20.0
Tanzania,2020,22.0
Tanzania,2021,
Uganda,2016,6.0
Uganda,2017,8.1
Uganda,2018,10.9
Uganda,2019,14.7
Uganda,2020,19.9
Uganda,2021,
Ukraine,2016,53.0009696
Ukraine,2017,58.88947945
Ukraine,2018,62.55315539
Ukraine,2019,70.1248443
Ukraine,2020,75.03790912
Ukraine,2021,
Upper middle income,2016,56.00287224956303
Upper middle income,2017,58.58334283459415
Upper middle income,2018,63.00544077184571
Upper middle income,2019,67.57511658707303
Upper middle income,2020,73.3261637778593
Upper middle income,2021,
Uruguay,2016,66.4
Uruguay,2017,70.3223544
Uruguay,2018,80.72684288
Uruguay,2019,83.35153377
Uruguay,2020,86.1
Uruguay,2021,
United States,2016,85.54442129
United States,2017,87.27488917
United States,2018,88.49890317
United States,2019,89.43028486
United States,2020,90.9
United States,2021,
Uzbekistan,2016,46.79128694
Uzbekistan,2017,48.69999885
Uzbekistan,2018,55.20000067
Uzbekistan,2019,70.4000024
Uzbekistan,2020,71.1
Uzbekistan,2021,
St. Vincent and the Grenadines,2016,51.5
St. Vincent and the Grenadines,2017,53.7
St. Vincent and the Grenadines,2018,56.0
St. Vincent and the Grenadines,2019,
St. Vincent and the Grenadines,2020,
St. Vincent and the Grenadines,2021,
"Venezuela, RB",2016,60.0
"Venezuela, RB",2017,61.6
"Venezuela, RB",2018,
"Venezuela, RB",2019,
"Venezuela, RB",2020,
"Venezuela, RB",2021,
British Virgin Islands,2016,77.70142968
British Virgin Islands,2017,77.70426829
British Virgin Islands,2018,
British Virgin Islands,2019,
British Virgin Islands,2020,
British Virgin Islands,2021,
Virgin Islands (U.S.),2016,59.6083158
Virgin Islands (U.S.),2017,64.3774943
Virgin Islands (U.S.),2018,
Virgin Islands (U.S.),2019,
Virgin Islands (U.S.),2020,
Virgin Islands (U.S.),2021,
Vietnam,2016,53.0
Vietnam,2017,58.14
Vietnam,2018,69.84792868
Vietnam,2019,68.66158021
Vietnam,2020,70.3
Vietnam,2021,
Vanuatu,2016,24.0
Vanuatu,2017,25.71978784
Vanuatu,2018,
Vanuatu,2019,
Vanuatu,2020,
Vanuatu,2021,
World,2016,43.33835400879659
World,2017,45.839835164104066
World,2018,49.396486425866364
World,2019,54.01298636262846
World,2020,59.94024661547231
World,2021,
Samoa,2016,29.41173011
Samoa,2017,33.61093932
Samoa,2018,
Samoa,2019,
Samoa,2020,
Samoa,2021,
Kosovo,2016,
Kosovo,2017,83.89359681
Kosovo,2018,89.44303197
Kosovo,2019,
Kosovo,2020,
Kosovo,2021,
"Yemen, Rep.",2016,24.57920836
"Yemen, Rep.",2017,26.71835477
"Yemen, Rep.",2018,
"Yemen, Rep.",2019,
"Yemen, Rep.",2020,
"Yemen, Rep.",2021,
South Africa,2016,54.0
South Africa,2017,56.16739447
South Africa,2018,62.4
South Africa,2019,68.2
South Africa,2020,70.0
South Africa,2021,
Zambia,2016,10.3
Zambia,2017,12.2
Zambia,2018,14.2999971
Zambia,2019,16.8
Zambia,2020,19.8
Zambia,2021,
Zimbabwe,2016,23.11998904
Zimbabwe,2017,24.4
Zimbabwe,2018,25.0
Zimbabwe,2019,25.1
Zimbabwe,2020,29.3
Zimbabwe,2021,
